<annotation>
	<folder>images</folder>
	<filename>frame0.jpg</filename>
	<path>/home/fansa/Software/darknet/training/images/frame0.jpg</path>
	<source>
		<database>Unknown</database>
	</source>
	<size>
		<width>544</width>
		<height>960</height>
		<depth>3</depth>
	</size>
	<segmented>0</segmented>
	<object>
		<name>waving</name>
		<pose>Unspecified</pose>
		<truncated>0</truncated>
		<difficult>0</difficult>
		<bndbox>
			<xmin>119</xmin>
			<ymin>277</ymin>
			<xmax>364</xmax>
			<ymax>485</ymax>
		</bndbox>
	</object>
</annotation>
